,TimeStamp,Meditation_Week,Donation_Category,Sleep_Hours,Sufficient_Income,BMI_Satisfaction,Excercise_Week,Close_Friends,Vegetable_Week,Fruits_Week,Passions_enjoyed,Vacation_taken
0,5/15/2019,5,< $200,11,4,Unsatisfied,3,7,14,12,9,7
1,5/15/2019,4,< $200,6,5,Unsatisfied,7,6,12,11,5,7
2,5/15/2019,4,$201-$999,10,3,Satisfied,4,6,5,7,10,6
3,5/15/2019,7,> $1000,12,4,Neutral,9,11,9,13,12,8
4,5/15/2019,6,$201-$999,11,4,Unsatisfied,6,10,10,14,10,9
5,5/15/2019,1,$201-$999,5,1,Unsatisfied,2,3,6,9,2,1
6,5/15/2019,3,> $1000,9,3,Unsatisfied,3,8,7,10,4,3
7,5/15/2019,6,$201-$999,10,6,Unsatisfied,7,8,11,14,10,7
8,5/15/2019,6,$201-$999,13,4,Unsatisfied,6,10,15,8,9,8
9,5/15/2019,7,< $200,8,6,Satisfied,7,8,10,7,11,9
10,5/15/2019,3,$201-$999,10,4,Neutral,3,8,11,9,9,4
11,5/15/2019,7,> $1000,9,5,Unsatisfied,5,7,10,9,11,9
12,5/15/2019,1,> $1000,6,3,Neutral,4,2,8,9,1,2
13,5/15/2019,4,$201-$999,13,3,Unsatisfied,7,7,13,8,6,6
14,5/15/2019,7,> $1000,8,5,Neutral,5,8,9,11,9,8
15,5/15/2019,1,< $200,8,3,Satisfied,4,5,8,6,5,1
16,5/15/2019,6,> $1000,11,6,Neutral,8,6,7,10,12,8
17,5/15/2019,1,$201-$999,9,3,Unsatisfied,7,3,6,4,3,2
18,5/15/2019,4,$201-$999,13,5,Neutral,3,6,7,5,9,5
19,5/15/2019,1,< $200,11,1,Satisfied,6,4,9,4,5,4
20,5/15/2019,7,> $1000,11,6,Satisfied,8,8,12,8,8,8
21,5/15/2019,1,$201-$999,5,3,Neutral,5,6,9,10,5,3
22,5/15/2019,1,< $200,11,1,Satisfied,5,6,11,10,3,3
23,5/15/2019,3,< $200,10,3,Unsatisfied,4,4,8,3,8,5
24,5/15/2019,2,< $200,10,2,Unsatisfied,7,6,12,5,6,4
25,5/15/2019,3,< $200,10,2,Unsatisfied,4,3,6,8,9,5
26,5/15/2019,5,< $200,12,3,Neutral,8,5,11,11,11,5
27,5/15/2019,3,$201-$999,6,4,Neutral,2,6,12,4,8,5
28,5/15/2019,5,> $1000,7,4,Unsatisfied,9,5,11,14,6,5
29,5/15/2019,5,< $200,12,5,Unsatisfied,7,6,5,12,7,5
30,5/15/2019,6,> $1000,8,4,Satisfied,8,6,9,8,11,8
31,5/15/2019,6,$201-$999,13,6,Satisfied,8,10,15,9,10,9
32,5/15/2019,5,$201-$999,11,4,Unsatisfied,4,6,5,11,8,7
33,5/15/2019,3,< $200,7,2,Unsatisfied,3,4,12,5,8,5
34,5/15/2019,3,> $1000,7,3,Satisfied,5,4,12,4,8,4
35,5/15/2019,1,< $200,5,3,Satisfied,4,2,1,6,2,4
36,5/15/2019,1,$201-$999,7,3,Neutral,7,7,2,6,7,3
37,5/15/2019,2,> $1000,6,4,Neutral,4,2,8,7,8,5
38,5/15/2019,7,> $1000,8,5,Satisfied,8,9,7,13,9,8
39,5/15/2019,2,$201-$999,9,3,Neutral,2,5,9,7,5,4
40,5/15/2019,3,$201-$999,8,4,Unsatisfied,6,4,8,3,7,4
41,5/15/2019,5,> $1000,7,5,Unsatisfied,4,9,12,11,9,6
42,5/15/2019,7,> $1000,11,6,Unsatisfied,8,7,13,12,11,9
43,5/15/2019,6,> $1000,12,6,Satisfied,7,8,11,12,8,6
44,5/15/2019,3,$201-$999,8,4,Unsatisfied,6,4,8,3,7,4
45,5/17/2019,1,$201-$999,5,1,Satisfied,2,4,9,2,5,3
46,5/17/2019,1,$201-$999,9,1,Unsatisfied,4,6,6,8,7,1
47,5/17/2019,2,< $200,9,3,Satisfied,6,3,3,2,8,2
48,5/17/2019,1,< $200,8,3,Neutral,6,1,8,3,6,3
49,5/17/2019,3,$201-$999,8,2,Neutral,4,4,13,8,6,6
50,5/17/2019,6,$201-$999,13,5,Unsatisfied,4,8,14,8,8,9
51,5/17/2019,6,$201-$999,9,5,Unsatisfied,6,8,6,11,9,8
52,5/17/2019,4,< $200,9,5,Unsatisfied,8,9,11,11,5,5
53,5/17/2019,3,$201-$999,12,3,Neutral,6,5,6,11,9,4
54,5/17/2019,3,$201-$999,6,3,Neutral,8,3,3,8,7,5
55,5/17/2019,1,$201-$999,8,2,Unsatisfied,1,2,1,7,2,1
56,5/17/2019,2,> $1000,10,2,Unsatisfied,4,4,12,7,7,4
57,5/17/2019,7,< $200,11,5,Neutral,9,6,9,12,9,10
58,5/17/2019,5,$201-$999,13,4,Neutral,8,8,7,13,9,6
59,5/17/2019,6,> $1000,13,5,Satisfied,9,5,10,8,6,9
60,5/17/2019,2,> $1000,9,2,Neutral,5,4,2,4,3,5
61,5/17/2019,3,< $200,6,4,Neutral,7,7,5,9,5,5
62,5/17/2019,3,> $1000,6,4,Neutral,3,3,6,3,8,3
63,5/17/2019,4,< $200,10,3,Neutral,3,4,7,11,6,7
64,5/17/2019,7,$201-$999,9,5,Satisfied,9,10,10,9,10,9
65,5/17/2019,4,$201-$999,9,5,Neutral,4,9,4,7,6,7
66,5/17/2019,3,$201-$999,11,3,Unsatisfied,4,8,5,9,3,6
67,5/17/2019,3,> $1000,8,2,Satisfied,6,8,5,8,6,6
68,5/17/2019,4,> $1000,10,3,Unsatisfied,8,4,4,8,8,5
69,5/17/2019,6,> $1000,10,4,Satisfied,4,7,14,14,11,9
70,5/17/2019,3,$201-$999,10,2,Neutral,4,8,12,11,8,6
71,5/17/2019,3,< $200,6,3,Unsatisfied,6,4,7,11,7,5
72,5/17/2019,7,> $1000,9,5,Neutral,8,6,13,6,11,10
73,5/17/2019,1,> $1000,11,2,Unsatisfied,7,3,9,1,2,2
74,5/17/2019,5,> $1000,12,5,Neutral,4,6,6,13,9,7
75,5/17/2019,6,> $1000,10,6,Satisfied,6,6,8,5,11,6
76,5/17/2019,7,> $1000,8,6,Unsatisfied,4,8,11,8,12,9
77,5/17/2019,3,> $1000,12,4,Satisfied,5,4,3,8,5,4
78,5/17/2019,2,$201-$999,12,3,Neutral,7,5,2,7,5,4
79,5/17/2019,1,> $1000,7,3,Neutral,4,6,10,10,1,1
80,5/17/2019,6,> $1000,8,6,Unsatisfied,7,9,10,13,11,8
81,5/17/2019,1,> $1000,6,3,Unsatisfied,5,6,10,4,5,3
82,5/17/2019,2,$201-$999,6,3,Unsatisfied,4,6,10,11,7,5
83,5/17/2019,2,> $1000,10,3,Neutral,2,4,5,2,8,2
84,5/17/2019,2,< $200,11,3,Satisfied,2,3,6,7,8,2
85,5/17/2019,1,$201-$999,10,3,Satisfied,7,3,6,4,4,1
86,5/17/2019,3,< $200,8,4,Unsatisfied,3,3,8,6,3,3
87,5/17/2019,3,$201-$999,7,3,Neutral,2,4,3,4,7,5
88,5/17/2019,7,> $1000,12,5,Satisfied,4,10,13,15,12,9
89,5/17/2019,7,$201-$999,11,5,Unsatisfied,9,9,8,12,12,7
90,5/17/2019,6,$201-$999,7,6,Unsatisfied,4,8,14,14,8,7
91,5/17/2019,1,< $200,5,1,Unsatisfied,4,4,10,7,2,2
92,5/17/2019,2,$201-$999,6,3,Neutral,6,8,9,5,4,3
93,5/17/2019,5,> $1000,10,4,Neutral,5,9,14,6,8,7
94,5/17/2019,2,> $1000,12,3,Satisfied,6,3,10,8,3,3
95,5/17/2019,2,> $1000,5,3,Unsatisfied,7,3,9,9,4,3
96,5/17/2019,7,< $200,8,6,Unsatisfied,9,11,15,14,13,8
97,5/17/2019,3,> $1000,8,3,Neutral,2,5,3,12,6,5
98,5/17/2019,1,> $1000,9,2,Neutral,6,6,7,9,3,1
99,5/17/2019,6,> $1000,11,6,Unsatisfied,5,6,13,13,7,9
100,5/17/2019,4,< $200,12,3,Satisfied,7,7,5,7,8,5
101,5/17/2019,6,$201-$999,11,5,Unsatisfied,5,6,9,12,12,6
102,5/17/2019,7,> $1000,9,4,Unsatisfied,6,7,6,9,13,10
103,5/17/2019,5,> $1000,8,3,Neutral,5,6,12,14,10,5
104,5/17/2019,1,> $1000,8,3,Satisfied,3,4,3,4,6,4
105,5/17/2019,1,$201-$999,10,1,Satisfied,1,3,6,5,6,3
106,5/17/2019,7,$201-$999,12,5,Unsatisfied,6,12,9,15,8,8
107,5/17/2019,1,> $1000,10,2,Neutral,5,3,2,7,3,1
108,5/17/2019,3,< $200,7,3,Satisfied,4,5,9,6,6,6
109,5/17/2019,1,> $1000,5,3,Neutral,1,6,1,4,2,1
110,5/17/2019,2,< $200,10,2,Satisfied,5,6,4,2,7,5
111,5/17/2019,7,> $1000,8,5,Unsatisfied,4,8,9,10,10,9
112,5/17/2019,3,< $200,6,2,Neutral,8,8,12,3,6,4
113,5/17/2019,5,< $200,9,3,Unsatisfied,7,8,14,7,11,7
114,5/17/2019,4,$201-$999,12,5,Unsatisfied,8,6,13,9,6,5
115,5/17/2019,4,> $1000,11,3,Unsatisfied,4,7,7,10,10,6
116,5/17/2019,6,< $200,13,6,Neutral,4,8,11,7,6,7
117,5/17/2019,1,> $1000,7,1,Neutral,1,1,2,9,5,3
118,5/17/2019,5,> $1000,11,4,Satisfied,9,5,5,12,5,8
119,5/17/2019,6,< $200,11,5,Unsatisfied,4,8,15,8,11,7
120,5/17/2019,2,$201-$999,11,4,Neutral,6,7,5,9,6,4
121,5/17/2019,2,< $200,5,4,Neutral,6,3,7,11,4,3
122,5/17/2019,5,> $1000,12,4,Neutral,5,6,8,13,7,6
123,5/17/2019,6,< $200,9,5,Unsatisfied,9,10,11,12,10,9
124,5/17/2019,3,< $200,12,2,Unsatisfied,4,4,8,4,7,5
125,5/17/2019,4,< $200,9,3,Satisfied,4,6,6,6,4,6
126,5/17/2019,6,< $200,11,5,Unsatisfied,9,8,14,7,9,7
127,5/17/2019,1,$201-$999,10,1,Unsatisfied,7,7,10,3,7,3
128,5/17/2019,3,< $200,8,3,Satisfied,5,8,5,8,9,4
129,5/17/2019,6,$201-$999,11,5,Unsatisfied,5,9,5,9,6,6
130,5/17/2019,7,> $1000,11,5,Unsatisfied,9,9,16,15,8,8
131,5/17/2019,4,< $200,8,5,Unsatisfied,7,9,9,4,5,4
132,5/17/2019,4,< $200,11,3,Satisfied,4,5,4,5,8,6
133,5/17/2019,5,$201-$999,9,5,Satisfied,7,10,9,7,5,8
134,5/17/2019,1,> $1000,10,3,Neutral,5,6,8,6,3,2
135,5/17/2019,7,< $200,14,6,Unsatisfied,8,10,6,12,9,9
136,5/17/2019,4,$201-$999,12,3,Neutral,5,4,13,4,9,4
137,5/17/2019,7,$201-$999,11,4,Neutral,5,12,11,9,12,8
138,5/18/2019,2,< $200,7,3,Satisfied,6,5,6,11,4,3
139,5/18/2019,2,$201-$999,6,4,Unsatisfied,5,3,6,8,7,2
140,5/18/2019,6,> $1000,11,4,Unsatisfied,4,7,9,7,11,8
141,5/18/2019,4,$201-$999,9,4,Satisfied,7,9,6,6,10,7
142,5/18/2019,3,> $1000,8,3,Satisfied,8,8,11,5,9,3
143,5/18/2019,6,> $1000,13,5,Neutral,5,9,7,13,10,6
144,5/18/2019,7,< $200,13,6,Unsatisfied,4,7,9,9,9,7
145,5/18/2019,3,> $1000,12,2,Unsatisfied,4,8,5,11,9,4
146,5/18/2019,1,> $1000,7,1,Satisfied,1,7,6,5,4,1
147,5/18/2019,4,> $1000,13,3,Unsatisfied,3,7,12,4,7,5
148,5/18/2019,3,$201-$999,11,4,Neutral,5,7,6,3,3,5
149,5/18/2019,2,$201-$999,9,3,Unsatisfied,5,2,5,4,8,3
150,5/18/2019,2,> $1000,11,3,Satisfied,3,2,9,3,4,4
151,5/18/2019,5,$201-$999,8,3,Neutral,8,8,5,10,9,5
152,5/18/2019,7,> $1000,10,6,Satisfied,5,10,10,11,8,7
153,5/18/2019,7,> $1000,8,6,Unsatisfied,4,12,7,6,8,7
154,5/18/2019,6,> $1000,12,6,Unsatisfied,4,6,12,13,12,8
155,5/18/2019,2,< $200,11,2,Satisfied,3,6,7,9,7,4
156,5/18/2019,3,> $1000,11,2,Satisfied,7,4,4,7,3,5
157,5/18/2019,3,$201-$999,8,3,Unsatisfied,6,8,7,4,5,6
158,5/18/2019,2,< $200,6,2,Unsatisfied,7,6,4,4,4,4
159,5/18/2019,3,> $1000,11,2,Unsatisfied,7,8,11,4,8,3
160,5/18/2019,7,< $200,10,6,Neutral,8,9,11,15,10,9
161,5/18/2019,3,< $200,9,4,Satisfied,5,3,9,7,8,5
162,5/18/2019,7,$201-$999,14,6,Neutral,4,7,9,10,12,8
163,5/18/2019,1,< $200,7,2,Neutral,1,1,10,1,5,4
164,5/18/2019,1,> $1000,7,2,Unsatisfied,1,3,6,7,3,3
165,5/18/2019,5,$201-$999,7,3,Satisfied,5,8,10,13,9,6
166,5/18/2019,4,$201-$999,6,4,Satisfied,4,4,8,10,9,4
167,5/18/2019,7,$201-$999,9,6,Satisfied,6,11,16,12,13,8
168,5/18/2019,7,< $200,9,4,Satisfied,8,6,7,10,9,8
169,5/18/2019,7,< $200,9,6,Satisfied,4,7,9,7,8,7
170,5/18/2019,6,< $200,13,5,Satisfied,7,7,6,7,10,8
171,5/18/2019,7,> $1000,9,5,Unsatisfied,9,7,10,9,10,7
172,5/18/2019,6,$201-$999,13,6,Satisfied,6,7,7,13,10,9
173,5/18/2019,2,> $1000,9,3,Satisfied,4,5,6,7,2,2
174,5/18/2019,1,$201-$999,8,2,Neutral,5,4,9,1,2,4
175,5/18/2019,4,> $1000,7,4,Satisfied,6,6,12,10,8,4
176,5/18/2019,3,< $200,9,4,Neutral,5,3,12,6,8,6
177,5/18/2019,1,$201-$999,6,3,Unsatisfied,3,4,9,5,3,3
178,5/18/2019,2,> $1000,6,3,Satisfied,3,6,10,11,2,2
179,5/18/2019,6,< $200,13,5,Satisfied,4,7,15,10,7,8
180,5/18/2019,3,$201-$999,9,3,Neutral,3,8,3,12,8,4
181,5/18/2019,6,> $1000,12,5,Satisfied,4,5,6,7,9,7
182,5/18/2019,2,> $1000,5,2,Neutral,5,4,11,6,3,3
183,5/18/2019,5,> $1000,10,4,Satisfied,4,6,12,13,6,6
184,5/18/2019,7,< $200,8,4,Unsatisfied,5,8,13,12,10,10
185,5/18/2019,4,< $200,13,3,Neutral,4,7,9,10,9,5
186,5/18/2019,3,$201-$999,9,3,Satisfied,2,6,3,9,8,4
187,5/18/2019,2,< $200,7,2,Neutral,7,2,6,4,4,5
188,5/18/2019,6,< $200,8,4,Satisfied,8,5,15,13,12,7
189,5/18/2019,7,$201-$999,10,6,Unsatisfied,4,12,7,11,12,9
190,5/18/2019,4,< $200,13,3,Neutral,4,4,8,10,6,5
191,5/18/2019,4,> $1000,13,4,Satisfied,5,4,10,9,5,5
192,5/18/2019,2,> $1000,6,4,Satisfied,4,8,7,11,8,2
193,5/18/2019,5,$201-$999,11,3,Satisfied,9,8,9,5,11,5
194,5/18/2019,1,$201-$999,8,1,Satisfied,3,1,2,7,7,2
195,5/18/2019,5,< $200,12,3,Satisfied,4,9,7,6,8,8
196,5/18/2019,7,> $1000,14,6,Neutral,9,8,10,15,10,9
197,5/18/2019,6,< $200,12,4,Unsatisfied,5,7,7,7,7,8
198,5/18/2019,4,> $1000,13,5,Neutral,7,9,11,12,5,6
199,5/18/2019,3,> $1000,7,4,Satisfied,5,4,5,10,9,5
200,5/18/2019,5,< $200,9,4,Neutral,7,8,14,6,8,8
201,5/18/2019,2,< $200,8,2,Unsatisfied,3,4,10,2,8,3
202,5/18/2019,5,< $200,11,4,Neutral,4,8,10,6,8,8
203,5/18/2019,3,$201-$999,7,3,Unsatisfied,8,4,8,12,6,5
204,5/18/2019,2,$201-$999,5,2,Neutral,4,3,8,5,5,5
205,5/18/2019,3,< $200,6,3,Satisfied,8,5,5,7,8,3
206,5/18/2019,1,> $1000,7,3,Unsatisfied,3,4,10,1,5,3
207,5/18/2019,3,> $1000,12,3,Unsatisfied,2,7,9,11,7,3
208,5/18/2019,3,> $1000,8,4,Neutral,7,7,12,5,4,3
209,5/18/2019,7,> $1000,13,6,Satisfied,7,9,13,15,8,9
210,5/18/2019,5,$201-$999,8,4,Satisfied,7,9,10,13,11,6
211,5/18/2019,5,< $200,13,3,Unsatisfied,3,8,12,4,7,7
212,5/18/2019,5,> $1000,7,5,Unsatisfied,5,6,12,5,5,6
213,5/18/2019,7,< $200,9,4,Unsatisfied,4,10,12,8,13,9
214,5/18/2019,4,< $200,7,4,Neutral,5,6,11,4,7,6
215,5/18/2019,2,$201-$999,7,3,Satisfied,3,8,11,5,8,3
216,5/18/2019,6,< $200,9,6,Neutral,4,6,10,11,7,9
217,5/18/2019,6,< $200,8,5,Satisfied,7,10,9,10,10,7
218,5/18/2019,7,< $200,10,6,Satisfied,7,10,11,12,8,8
219,5/18/2019,5,< $200,8,4,Unsatisfied,8,8,11,14,7,6
220,5/18/2019,2,< $200,5,4,Unsatisfied,4,6,4,11,3,5
221,5/18/2019,6,$201-$999,8,6,Unsatisfied,7,7,13,12,10,6
222,5/18/2019,3,> $1000,8,3,Unsatisfied,6,6,5,9,5,3
223,5/18/2019,4,$201-$999,8,5,Unsatisfied,4,7,11,11,7,4
224,5/18/2019,3,$201-$999,11,3,Unsatisfied,2,5,12,7,8,6
225,5/18/2019,2,$201-$999,7,4,Neutral,4,2,2,9,5,2
226,5/18/2019,4,$201-$999,11,5,Unsatisfied,4,7,6,10,5,4
227,5/18/2019,7,$201-$999,13,5,Satisfied,6,7,9,12,12,9
228,5/18/2019,6,$201-$999,13,6,Unsatisfied,7,7,8,8,7,7
229,5/18/2019,1,> $1000,11,1,Neutral,2,2,9,8,3,4
230,5/18/2019,4,> $1000,7,4,Neutral,5,6,9,4,8,7
231,5/18/2019,1,> $1000,8,3,Unsatisfied,4,6,10,2,3,1
232,5/18/2019,7,$201-$999,8,4,Satisfied,6,12,6,10,9,7
233,5/18/2019,1,> $1000,6,3,Unsatisfied,7,1,1,2,5,2
234,5/18/2019,5,> $1000,10,4,Satisfied,7,5,10,5,9,7
235,5/18/2019,7,$201-$999,10,6,Unsatisfied,8,8,16,8,8,9
236,5/18/2019,3,< $200,12,4,Unsatisfied,8,7,6,7,8,4
237,5/18/2019,2,< $200,5,4,Unsatisfied,4,2,3,7,8,4
238,5/18/2019,6,> $1000,8,4,Satisfied,7,10,6,5,10,8
239,5/18/2019,1,< $200,10,2,Unsatisfied,5,1,3,8,4,3
240,5/18/2019,6,< $200,9,6,Unsatisfied,8,5,6,10,8,8
241,5/18/2019,2,$201-$999,9,2,Neutral,3,8,5,11,3,4
242,5/18/2019,1,$201-$999,8,1,Neutral,3,3,8,3,3,1
243,5/18/2019,3,< $200,10,3,Unsatisfied,7,6,12,10,6,4
244,5/18/2019,3,> $1000,7,4,Unsatisfied,7,8,10,7,8,6
245,5/18/2019,1,> $1000,7,3,Neutral,3,3,1,2,7,3
246,5/18/2019,6,$201-$999,11,4,Satisfied,4,8,13,11,9,6
247,5/18/2019,3,< $200,7,2,Satisfied,3,8,9,5,5,5
248,5/18/2019,5,$201-$999,12,5,Neutral,5,8,9,5,11,7
249,5/18/2019,2,$201-$999,10,3,Neutral,7,6,7,6,3,3
250,5/18/2019,7,$201-$999,8,4,Unsatisfied,6,7,12,11,13,7
251,5/18/2019,5,> $1000,11,3,Neutral,6,6,6,11,10,6
252,5/18/2019,2,> $1000,7,3,Unsatisfied,5,5,9,2,5,3
253,5/18/2019,6,$201-$999,13,6,Neutral,5,5,14,13,12,6
254,5/18/2019,7,> $1000,8,5,Neutral,5,7,11,7,13,9
255,5/18/2019,5,> $1000,10,4,Unsatisfied,4,6,11,7,7,7
256,5/18/2019,7,$201-$999,11,6,Neutral,5,10,14,15,12,8
257,5/18/2019,7,> $1000,8,6,Neutral,9,12,11,15,8,7
258,5/18/2019,5,< $200,12,5,Neutral,9,5,10,14,9,7
259,5/18/2019,2,< $200,10,2,Satisfied,4,4,10,7,5,3
260,5/18/2019,4,> $1000,8,5,Satisfied,7,8,13,6,8,7
261,5/18/2019,3,> $1000,10,3,Satisfied,5,4,10,11,5,6
262,5/18/2019,6,> $1000,7,6,Unsatisfied,5,10,14,7,10,9
263,5/18/2019,6,$201-$999,11,6,Satisfied,8,7,10,8,9,7
264,5/18/2019,4,> $1000,10,4,Unsatisfied,5,9,9,11,5,7
265,5/18/2019,5,> $1000,7,5,Satisfied,5,8,14,12,9,5
266,5/18/2019,3,> $1000,9,4,Satisfied,6,8,9,12,7,5
267,5/18/2019,7,> $1000,14,4,Unsatisfied,7,10,9,14,9,7
268,5/18/2019,3,< $200,7,2,Neutral,2,8,13,8,4,5
269,5/18/2019,7,< $200,13,4,Unsatisfied,8,10,14,8,10,7
270,5/18/2019,6,< $200,13,6,Neutral,6,7,14,6,6,6
271,5/18/2019,3,< $200,7,4,Neutral,5,5,11,11,4,4
272,5/18/2019,3,$201-$999,6,4,Neutral,6,7,5,9,9,4
273,5/18/2019,1,< $200,6,1,Satisfied,7,3,4,2,5,3
274,5/18/2019,3,$201-$999,9,2,Neutral,6,7,12,3,5,3
275,5/18/2019,5,$201-$999,11,3,Neutral,4,5,8,11,6,6
276,5/18/2019,7,> $1000,12,4,Satisfied,8,8,8,10,9,9
277,5/18/2019,5,> $1000,7,4,Unsatisfied,3,6,4,6,5,7
278,5/18/2019,4,$201-$999,7,4,Unsatisfied,5,7,6,7,8,5
279,5/18/2019,6,$201-$999,13,4,Satisfied,8,8,6,6,8,7
280,5/18/2019,5,$201-$999,7,3,Satisfied,6,9,7,12,6,5
281,5/18/2019,2,$201-$999,6,3,Unsatisfied,6,4,6,4,2,3
282,5/18/2019,3,$201-$999,12,4,Unsatisfied,5,8,11,8,4,6
283,5/18/2019,3,< $200,12,3,Neutral,3,7,10,8,6,6
284,5/18/2019,2,< $200,7,2,Neutral,5,3,5,7,4,5
285,5/18/2019,1,< $200,9,1,Unsatisfied,6,6,9,10,6,1
286,5/18/2019,1,> $1000,5,3,Satisfied,4,2,7,10,7,2
287,5/18/2019,7,> $1000,9,5,Neutral,9,11,16,6,7,8
288,5/18/2019,7,$201-$999,10,4,Satisfied,4,10,11,11,7,9
289,5/18/2019,4,$201-$999,10,3,Neutral,5,9,11,9,7,7
290,5/18/2019,5,< $200,11,5,Unsatisfied,9,7,11,12,7,7
291,5/18/2019,3,$201-$999,10,3,Neutral,8,4,10,11,4,3
292,5/18/2019,5,$201-$999,8,5,Unsatisfied,6,6,12,6,8,8
293,5/18/2019,4,$201-$999,8,5,Satisfied,3,4,4,11,10,5
294,5/18/2019,2,< $200,9,4,Unsatisfied,2,4,7,6,4,4
295,5/18/2019,5,< $200,8,5,Satisfied,4,9,6,13,9,6
296,5/18/2019,4,< $200,11,4,Unsatisfied,4,6,5,11,7,7
297,5/18/2019,4,< $200,9,3,Neutral,8,6,10,13,4,7
298,5/18/2019,4,> $1000,7,5,Neutral,4,8,5,12,4,5
299,5/18/2019,3,$201-$999,12,2,Satisfied,6,5,11,9,3,4
300,5/18/2019,7,> $1000,12,5,Satisfied,9,9,8,10,12,7
301,5/18/2019,7,$201-$999,9,6,Satisfied,4,9,16,15,9,9
302,5/18/2019,3,> $1000,8,4,Neutral,6,4,11,6,4,5
303,5/18/2019,7,> $1000,11,5,Neutral,7,7,7,14,8,7
304,5/18/2019,5,> $1000,7,3,Neutral,4,10,9,5,11,5
305,5/18/2019,5,< $200,11,3,Neutral,5,6,4,12,10,8
306,5/18/2019,2,< $200,5,4,Satisfied,4,3,8,9,2,3
307,5/18/2019,1,$201-$999,8,1,Unsatisfied,3,3,3,1,5,2
308,5/18/2019,1,> $1000,8,3,Satisfied,2,2,7,8,2,2
309,5/18/2019,4,< $200,8,4,Neutral,5,7,13,13,5,6
310,5/18/2019,4,< $200,13,3,Unsatisfied,4,7,11,8,5,4
311,5/18/2019,1,< $200,8,1,Unsatisfied,3,3,8,10,2,1
312,5/18/2019,1,< $200,6,3,Unsatisfied,7,7,2,5,7,4
313,5/18/2019,2,> $1000,11,2,Satisfied,7,3,6,3,6,3
314,5/18/2019,3,> $1000,12,4,Neutral,2,4,8,7,7,3
315,5/18/2019,5,< $200,13,3,Unsatisfied,5,6,12,13,6,5
316,5/18/2019,4,> $1000,11,3,Unsatisfied,8,5,8,13,4,5
317,5/18/2019,2,$201-$999,9,3,Unsatisfied,6,6,3,2,5,3
318,5/18/2019,4,$201-$999,9,4,Satisfied,4,9,13,4,5,7
319,5/18/2019,6,$201-$999,7,5,Satisfied,7,5,11,6,8,9
320,5/18/2019,2,< $200,6,2,Unsatisfied,7,3,8,8,4,5
321,5/18/2019,4,< $200,8,4,Unsatisfied,5,9,10,6,6,4
322,5/18/2019,7,< $200,12,6,Satisfied,4,12,11,14,9,7
323,5/18/2019,2,> $1000,8,3,Satisfied,2,5,11,4,8,4
324,5/18/2019,7,> $1000,12,4,Neutral,7,12,11,9,10,8
325,5/18/2019,3,$201-$999,10,3,Unsatisfied,2,6,10,9,4,6
326,5/18/2019,1,< $200,10,1,Satisfied,2,6,9,2,7,2
327,5/18/2019,5,< $200,13,3,Satisfied,4,7,8,12,7,6
328,5/18/2019,5,$201-$999,8,4,Unsatisfied,5,9,11,9,7,7
329,5/18/2019,2,$201-$999,7,4,Unsatisfied,2,6,8,5,7,3
330,5/18/2019,4,< $200,10,5,Neutral,4,7,8,7,5,6
331,5/18/2019,6,$201-$999,10,5,Unsatisfied,5,9,11,8,7,8
332,5/18/2019,1,> $1000,6,2,Unsatisfied,3,6,11,1,3,3
333,5/18/2019,1,> $1000,7,1,Neutral,2,3,8,3,3,3
334,5/18/2019,2,> $1000,11,3,Satisfied,4,4,2,7,4,4
335,5/18/2019,2,$201-$999,7,4,Neutral,2,5,3,4,7,2
336,5/18/2019,3,> $1000,10,4,Neutral,4,3,3,3,6,5
337,5/18/2019,4,< $200,6,3,Neutral,3,9,11,5,7,6
338,5/18/2019,2,> $1000,7,2,Satisfied,6,3,9,6,8,5
339,5/18/2019,5,$201-$999,9,3,Unsatisfied,3,8,5,8,5,6
340,5/18/2019,3,$201-$999,10,4,Unsatisfied,6,6,13,7,8,4
341,5/18/2019,7,< $200,10,4,Unsatisfied,9,7,16,7,10,7
342,5/18/2019,4,$201-$999,11,3,Satisfied,6,5,13,12,9,6
343,5/18/2019,5,$201-$999,11,4,Neutral,6,8,8,12,9,6
344,5/18/2019,5,> $1000,9,3,Unsatisfied,5,5,9,10,8,5
345,5/18/2019,6,$201-$999,9,6,Satisfied,5,6,12,12,11,8
346,5/18/2019,1,< $200,7,1,Neutral,1,5,5,5,4,3
347,5/18/2019,4,> $1000,13,3,Neutral,3,7,5,9,5,4
348,5/18/2019,7,$201-$999,12,4,Satisfied,5,6,14,15,9,8
349,5/18/2019,4,> $1000,11,4,Unsatisfied,6,5,7,10,7,5
350,5/18/2019,2,> $1000,6,2,Neutral,7,4,10,6,6,3
351,5/18/2019,2,> $1000,12,3,Neutral,4,7,3,7,6,3
352,5/18/2019,1,< $200,11,1,Neutral,7,5,1,2,7,2
353,5/18/2019,3,$201-$999,11,2,Unsatisfied,8,3,7,9,8,3
354,5/18/2019,7,> $1000,9,5,Neutral,8,8,7,14,8,7
355,5/18/2019,3,> $1000,7,4,Unsatisfied,6,7,12,8,6,4
356,5/18/2019,2,< $200,11,3,Neutral,4,5,5,6,2,3
357,5/18/2019,3,> $1000,8,4,Unsatisfied,8,5,10,7,7,4
358,5/18/2019,2,< $200,9,2,Satisfied,2,4,2,7,6,3
359,5/18/2019,5,$201-$999,9,4,Neutral,7,5,6,14,8,8
360,5/18/2019,4,$201-$999,7,3,Satisfied,5,8,5,13,4,4
361,5/18/2019,7,> $1000,10,5,Unsatisfied,9,10,11,9,8,8
362,5/18/2019,2,> $1000,6,2,Satisfied,3,3,10,8,3,3
363,5/18/2019,5,$201-$999,9,4,Satisfied,3,7,5,9,7,6
364,5/18/2019,3,< $200,9,3,Satisfied,7,5,5,10,8,4
365,5/18/2019,7,< $200,11,5,Satisfied,4,10,14,13,7,9
366,5/18/2019,3,> $1000,11,4,Unsatisfied,4,5,8,7,5,3
367,5/18/2019,4,> $1000,8,3,Satisfied,4,9,11,5,9,4
368,5/18/2019,2,> $1000,5,4,Neutral,5,8,8,10,8,5
369,5/18/2019,6,< $200,7,4,Unsatisfied,4,10,11,14,10,9
370,5/18/2019,6,> $1000,9,4,Unsatisfied,7,8,9,14,10,7
371,5/18/2019,7,> $1000,9,5,Unsatisfied,7,9,12,15,10,8
372,5/18/2019,2,> $1000,5,3,Satisfied,2,4,2,7,6,3
373,5/18/2019,5,< $200,8,5,Unsatisfied,5,8,7,13,8,7
374,5/18/2019,6,< $200,12,4,Satisfied,7,11,10,12,8,7
375,5/18/2019,7,> $1000,10,6,Neutral,9,12,10,8,10,9
376,5/18/2019,3,> $1000,11,3,Satisfied,7,7,4,7,3,3
377,5/18/2019,2,> $1000,10,4,Neutral,4,5,7,4,3,2
378,5/18/2019,3,$201-$999,12,2,Satisfied,6,8,8,4,7,5
379,5/18/2019,5,< $200,9,3,Neutral,9,8,6,5,9,6
380,5/18/2019,1,$201-$999,5,3,Satisfied,7,4,3,2,2,4
381,5/18/2019,3,> $1000,10,2,Unsatisfied,4,4,7,11,7,4
382,5/18/2019,1,$201-$999,6,3,Unsatisfied,7,7,11,4,2,2
383,5/18/2019,2,> $1000,9,3,Neutral,7,4,7,5,3,3
384,5/18/2019,3,$201-$999,7,3,Satisfied,5,7,6,8,8,6
385,5/18/2019,7,> $1000,13,4,Unsatisfied,9,7,9,15,7,8
386,5/18/2019,2,> $1000,8,3,Satisfied,3,8,6,10,7,3
387,5/18/2019,6,< $200,9,6,Unsatisfied,9,7,11,8,8,7
388,5/18/2019,2,< $200,9,2,Unsatisfied,2,5,6,7,8,4
389,5/18/2019,4,< $200,8,3,Satisfied,3,8,8,6,8,4
390,5/18/2019,1,> $1000,5,3,Neutral,1,4,3,7,3,1
391,5/18/2019,1,< $200,11,3,Satisfied,1,3,5,2,5,1
392,5/18/2019,3,< $200,7,3,Satisfied,3,6,11,7,4,4
393,5/18/2019,3,$201-$999,9,4,Unsatisfied,2,5,12,10,9,4
394,5/18/2019,2,> $1000,5,2,Neutral,4,2,10,4,4,4
395,5/18/2019,4,< $200,10,3,Neutral,6,9,5,13,9,6
396,5/18/2019,2,< $200,6,3,Unsatisfied,4,7,7,7,5,3
397,5/18/2019,2,> $1000,11,2,Neutral,2,5,4,9,8,4
398,5/18/2019,6,$201-$999,8,6,Satisfied,8,5,13,9,9,7
399,5/18/2019,6,$201-$999,12,5,Neutral,6,8,8,9,11,8
400,5/18/2019,5,< $200,8,3,Neutral,3,6,11,14,5,7
401,5/18/2019,7,> $1000,12,6,Satisfied,9,7,6,6,12,7
402,5/18/2019,2,> $1000,7,2,Satisfied,3,7,4,3,3,3
403,5/18/2019,6,< $200,13,6,Neutral,4,5,10,7,10,7
404,5/18/2019,3,< $200,8,4,Unsatisfied,4,8,6,7,8,4
405,5/18/2019,6,> $1000,9,6,Satisfied,7,9,6,8,7,6
406,5/18/2019,7,$201-$999,8,5,Unsatisfied,8,6,15,6,12,9
407,5/18/2019,3,> $1000,7,4,Neutral,4,5,8,10,5,5
408,5/18/2019,1,< $200,7,3,Neutral,6,4,1,7,5,2
409,5/18/2019,1,$201-$999,10,1,Neutral,6,7,5,4,6,4
410,5/18/2019,4,$201-$999,12,5,Satisfied,5,6,13,5,7,7
411,5/18/2019,2,< $200,10,3,Unsatisfied,2,3,9,3,3,5
412,5/18/2019,6,$201-$999,7,4,Satisfied,4,11,9,14,12,7
413,5/18/2019,4,> $1000,9,5,Unsatisfied,6,7,12,4,5,4
414,5/18/2019,2,< $200,11,2,Unsatisfied,3,5,7,8,5,5
415,5/18/2019,2,> $1000,6,2,Unsatisfied,4,5,4,5,5,3
416,5/18/2019,5,< $200,13,5,Unsatisfied,3,9,14,12,6,8
417,5/18/2019,6,< $200,11,4,Unsatisfied,4,10,8,7,8,8
418,5/18/2019,3,> $1000,12,4,Neutral,5,3,6,5,4,4
419,5/18/2019,5,> $1000,8,3,Satisfied,6,8,9,11,8,5
420,5/18/2019,3,< $200,9,4,Neutral,7,8,10,9,7,5
421,5/18/2019,6,< $200,13,5,Neutral,4,11,10,13,9,8
422,5/18/2019,6,$201-$999,8,5,Neutral,4,7,10,15,6,7
423,5/18/2019,7,> $1000,14,5,Neutral,9,9,14,9,9,9
424,5/18/2019,6,> $1000,7,6,Satisfied,4,10,15,12,12,7
425,5/18/2019,4,< $200,9,4,Neutral,4,6,5,5,7,4
426,5/18/2019,2,$201-$999,5,4,Unsatisfied,3,7,9,5,5,4
427,5/18/2019,7,< $200,9,4,Neutral,4,6,15,15,8,9
428,5/18/2019,6,> $1000,12,6,Neutral,6,10,12,11,9,8
429,5/18/2019,6,< $200,10,6,Unsatisfied,4,10,15,14,10,9
430,5/18/2019,4,> $1000,9,3,Neutral,4,5,13,10,6,4
431,5/18/2019,3,< $200,11,2,Unsatisfied,2,4,7,10,8,4
432,5/18/2019,7,< $200,14,5,Satisfied,5,12,9,15,12,7
433,5/18/2019,2,$201-$999,5,4,Unsatisfied,5,7,11,10,4,5
434,5/18/2019,4,$201-$999,9,4,Unsatisfied,8,6,5,11,10,5
435,5/18/2019,2,$201-$999,8,4,Unsatisfied,2,3,3,2,4,3
436,5/18/2019,1,< $200,7,2,Neutral,1,4,2,2,6,3
437,5/18/2019,5,> $1000,8,4,Neutral,5,8,13,10,6,6
438,5/18/2019,6,> $1000,12,6,Neutral,9,7,13,14,8,8
439,5/18/2019,1,> $1000,9,1,Unsatisfied,1,3,10,8,6,3
440,5/18/2019,7,> $1000,11,5,Neutral,6,11,8,15,11,9
441,5/18/2019,6,$201-$999,13,6,Neutral,4,7,13,12,8,7
442,5/18/2019,5,> $1000,8,5,Neutral,8,6,5,5,6,7
443,5/18/2019,4,< $200,11,3,Unsatisfied,6,5,7,9,6,4
444,5/18/2019,4,$201-$999,10,3,Satisfied,8,9,4,13,8,4
445,5/18/2019,1,> $1000,10,1,Satisfied,4,7,3,9,4,2
446,5/18/2019,2,$201-$999,5,3,Neutral,2,6,5,7,7,5
447,5/18/2019,6,$201-$999,8,6,Neutral,8,8,11,6,9,8
448,5/18/2019,6,$201-$999,12,4,Unsatisfied,5,7,7,6,8,9
449,5/18/2019,2,$201-$999,5,4,Satisfied,5,2,4,11,3,5
450,5/18/2019,3,$201-$999,7,4,Unsatisfied,7,8,4,10,6,6
451,5/18/2019,1,> $1000,10,3,Satisfied,5,4,10,9,5,3
452,5/18/2019,5,> $1000,9,5,Neutral,9,5,5,8,6,6
453,5/18/2019,5,< $200,12,3,Unsatisfied,9,7,8,7,9,7
454,5/18/2019,2,$201-$999,6,3,Neutral,3,3,3,5,5,5
455,5/18/2019,5,< $200,12,4,Unsatisfied,6,8,11,13,7,6
456,5/18/2019,1,< $200,6,2,Unsatisfied,1,4,5,5,7,3
457,5/18/2019,4,> $1000,8,3,Satisfied,4,6,13,5,4,7
458,5/18/2019,3,< $200,10,2,Neutral,7,3,11,4,5,6
459,5/18/2019,5,$201-$999,8,3,Unsatisfied,4,6,13,13,7,8
460,5/18/2019,7,< $200,14,6,Satisfied,9,6,10,10,11,8
461,5/18/2019,2,> $1000,7,3,Unsatisfied,2,2,10,11,2,3
462,5/18/2019,1,> $1000,6,3,Neutral,1,3,1,5,2,3
463,5/18/2019,1,< $200,7,1,Satisfied,6,3,4,3,7,4
464,5/18/2019,3,$201-$999,12,2,Satisfied,2,8,10,12,7,3
465,5/18/2019,3,$201-$999,7,2,Neutral,7,8,3,3,7,5
466,5/18/2019,2,> $1000,12,3,Unsatisfied,3,3,5,8,3,3
467,5/18/2019,2,$201-$999,9,2,Neutral,4,7,10,4,4,3
468,5/18/2019,3,> $1000,8,2,Satisfied,8,3,5,5,6,6
469,5/18/2019,2,< $200,10,2,Satisfied,5,6,11,8,4,4
470,5/18/2019,2,$201-$999,12,2,Unsatisfied,7,6,9,8,8,5
471,5/18/2019,3,$201-$999,8,3,Neutral,4,7,12,7,6,4
472,5/18/2019,3,< $200,6,2,Unsatisfied,4,7,7,4,9,5
473,5/18/2019,5,$201-$999,11,4,Satisfied,4,7,6,10,8,8
474,5/18/2019,6,< $200,13,4,Neutral,4,10,14,11,9,9
475,5/18/2019,5,$201-$999,11,3,Neutral,3,6,6,5,5,6
476,5/18/2019,4,> $1000,11,3,Satisfied,5,4,9,4,5,6
477,5/18/2019,3,> $1000,6,2,Neutral,2,8,7,8,5,6
478,5/18/2019,2,$201-$999,9,4,Neutral,7,3,11,8,8,2
479,5/18/2019,1,$201-$999,11,3,Neutral,1,4,11,8,4,4
480,5/18/2019,5,> $1000,11,4,Unsatisfied,5,8,12,13,8,5
481,5/18/2019,4,> $1000,10,4,Neutral,4,9,9,11,6,6
482,5/18/2019,1,$201-$999,5,3,Satisfied,6,6,3,5,3,2
483,5/18/2019,3,< $200,6,4,Unsatisfied,8,7,12,5,8,3
484,5/18/2019,2,> $1000,7,3,Neutral,7,7,10,6,8,4
485,5/18/2019,3,$201-$999,8,3,Satisfied,4,7,11,4,8,4
486,5/18/2019,3,> $1000,8,2,Neutral,6,5,3,4,7,3
487,5/18/2019,1,> $1000,11,3,Unsatisfied,7,3,3,6,7,3
488,5/18/2019,7,< $200,11,6,Neutral,4,7,8,7,9,7
489,5/18/2019,3,< $200,12,4,Unsatisfied,6,8,5,7,9,4
490,5/18/2019,4,> $1000,8,3,Unsatisfied,8,9,10,6,9,5
491,5/18/2019,5,< $200,13,3,Unsatisfied,3,9,4,7,9,7
492,5/18/2019,7,> $1000,11,6,Satisfied,6,7,12,8,13,7
493,5/18/2019,5,$201-$999,13,4,Satisfied,6,6,9,5,6,6
494,5/18/2019,1,< $200,8,1,Unsatisfied,1,5,5,1,5,3
495,5/18/2019,3,$201-$999,9,3,Satisfied,7,6,6,6,3,6
496,5/18/2019,6,> $1000,9,4,Satisfied,4,8,9,7,7,8
497,5/18/2019,4,$201-$999,9,3,Satisfied,4,4,13,6,6,5
498,5/18/2019,2,$201-$999,7,2,Unsatisfied,3,4,2,10,2,4
499,5/18/2019,3,> $1000,12,4,Unsatisfied,8,7,10,6,5,4
500,5/18/2019,1,> $1000,8,2,Unsatisfied,2,4,10,5,4,1
501,5/18/2019,4,$201-$999,10,3,Unsatisfied,4,5,13,8,6,5
502,5/18/2019,1,> $1000,5,3,Satisfied,5,2,3,7,5,2
503,5/18/2019,2,$201-$999,10,3,Satisfied,6,4,2,4,3,5
504,5/18/2019,3,< $200,8,4,Unsatisfied,2,7,6,4,8,4
505,5/18/2019,6,$201-$999,13,5,Unsatisfied,5,8,9,11,12,8
506,5/18/2019,2,< $200,11,4,Neutral,3,2,11,9,6,5
507,5/18/2019,2,< $200,5,2,Unsatisfied,3,6,6,4,4,3
508,5/18/2019,3,< $200,12,2,Neutral,2,5,6,5,8,5
509,5/18/2019,6,> $1000,8,6,Neutral,6,8,14,11,7,9
510,5/18/2019,2,> $1000,9,3,Satisfied,2,3,5,5,5,4
511,5/18/2019,6,> $1000,13,4,Neutral,9,11,14,11,10,8
512,5/18/2019,1,< $200,9,3,Satisfied,2,1,5,3,7,2
513,5/18/2019,5,> $1000,13,3,Satisfied,8,9,9,8,9,8
514,5/18/2019,5,$201-$999,10,5,Neutral,3,7,11,9,7,8
515,5/18/2019,5,> $1000,9,3,Neutral,3,8,7,8,5,7
516,5/18/2019,3,> $1000,11,2,Unsatisfied,5,8,11,12,8,6
517,5/18/2019,2,$201-$999,6,4,Satisfied,3,6,3,7,3,5
518,5/18/2019,2,$201-$999,5,2,Satisfied,2,3,12,7,8,4
519,5/18/2019,1,< $200,9,1,Neutral,1,6,1,8,1,3
520,5/18/2019,6,$201-$999,13,4,Unsatisfied,4,11,12,7,11,8
521,5/18/2019,5,> $1000,9,4,Neutral,4,6,12,7,6,8
522,5/18/2019,5,< $200,10,4,Neutral,3,8,11,7,7,7
523,5/18/2019,4,> $1000,12,5,Unsatisfied,3,4,7,10,5,6
524,5/18/2019,4,< $200,10,5,Neutral,8,7,13,10,5,7
525,5/18/2019,1,> $1000,8,3,Neutral,3,1,3,3,3,4
526,5/18/2019,3,< $200,12,4,Satisfied,7,8,10,5,8,4
527,5/18/2019,3,< $200,8,2,Unsatisfied,7,3,12,9,3,4
528,5/18/2019,1,> $1000,10,3,Neutral,7,4,8,4,7,4
529,5/18/2019,7,$201-$999,9,6,Satisfied,9,10,13,15,12,9
530,5/18/2019,6,> $1000,7,5,Satisfied,4,11,15,10,7,8
531,5/18/2019,7,> $1000,8,5,Satisfied,5,12,12,9,8,9
532,5/18/2019,7,< $200,12,6,Unsatisfied,9,9,7,9,12,10
533,5/18/2019,1,> $1000,9,3,Neutral,5,3,4,2,2,4
534,5/18/2019,4,> $1000,8,3,Neutral,3,6,5,4,7,6
535,5/18/2019,7,> $1000,9,5,Neutral,8,8,16,7,13,7
536,5/18/2019,2,> $1000,5,2,Satisfied,4,5,8,8,7,3
537,5/18/2019,1,< $200,11,3,Satisfied,7,3,8,5,5,3
538,5/18/2019,7,> $1000,12,4,Neutral,9,8,12,7,9,7
539,5/18/2019,5,$201-$999,11,4,Unsatisfied,8,8,12,12,10,7
540,5/18/2019,6,$201-$999,9,6,Satisfied,5,9,5,12,10,8
541,5/18/2019,5,> $1000,11,3,Satisfied,4,9,14,8,9,5
542,5/18/2019,5,< $200,12,3,Neutral,7,9,8,11,9,6
543,5/18/2019,1,< $200,7,2,Unsatisfied,6,5,2,2,7,4
544,5/18/2019,5,$201-$999,10,5,Satisfied,5,9,12,12,11,8
545,5/18/2019,3,< $200,8,4,Unsatisfied,2,6,11,5,9,6
546,5/18/2019,5,$201-$999,9,5,Satisfied,9,6,9,5,5,5
547,5/18/2019,5,> $1000,8,3,Satisfied,9,8,7,13,11,8
548,5/18/2019,4,< $200,7,4,Unsatisfied,5,9,5,5,4,4
549,5/18/2019,5,< $200,8,4,Neutral,6,10,11,11,8,7
550,5/18/2019,5,< $200,9,5,Satisfied,3,10,12,10,8,7
551,5/18/2019,6,< $200,13,5,Neutral,9,6,8,11,7,8
552,5/18/2019,6,> $1000,8,4,Satisfied,4,6,11,9,10,9
553,5/18/2019,7,> $1000,14,5,Neutral,5,9,11,9,10,7
554,5/18/2019,3,$201-$999,8,4,Neutral,5,8,10,11,6,6
555,5/18/2019,4,> $1000,9,3,Unsatisfied,6,4,7,9,7,5
556,5/18/2019,2,> $1000,5,2,Unsatisfied,3,8,7,2,7,5
557,5/18/2019,7,$201-$999,13,5,Satisfied,7,6,7,12,13,7
558,5/18/2019,1,$201-$999,8,1,Neutral,7,5,6,5,3,2
559,5/18/2019,6,> $1000,8,6,Unsatisfied,7,6,15,9,10,6
560,5/18/2019,3,$201-$999,8,4,Neutral,5,7,6,6,9,5
561,5/18/2019,6,$201-$999,8,6,Satisfied,7,11,11,10,10,8
562,5/18/2019,2,< $200,9,2,Neutral,7,2,8,11,8,2
563,5/18/2019,2,$201-$999,10,4,Neutral,7,5,2,2,2,2
564,5/18/2019,3,< $200,7,4,Neutral,6,4,10,4,7,4
565,5/18/2019,4,> $1000,9,3,Satisfied,6,4,4,4,10,4
566,5/18/2019,3,< $200,6,3,Satisfied,7,7,8,4,6,4
567,5/18/2019,4,< $200,12,4,Satisfied,6,4,11,12,6,5
568,5/18/2019,2,$201-$999,11,3,Unsatisfied,2,6,5,2,6,4
569,5/18/2019,6,> $1000,12,4,Satisfied,7,8,11,15,11,6
570,5/18/2019,3,< $200,8,3,Neutral,2,5,12,5,4,5
571,5/18/2019,7,> $1000,14,4,Unsatisfied,8,10,15,8,12,9
572,5/18/2019,7,< $200,11,6,Satisfied,5,10,7,10,8,7
573,5/18/2019,2,< $200,11,2,Satisfied,4,3,4,7,5,2
574,5/18/2019,1,$201-$999,6,1,Neutral,3,1,9,9,1,3
575,5/18/2019,3,$201-$999,8,4,Neutral,7,5,5,11,8,3
576,5/18/2019,2,$201-$999,10,4,Unsatisfied,4,6,4,2,4,3
577,5/18/2019,4,$201-$999,8,5,Satisfied,4,4,9,11,5,7
578,5/18/2019,4,> $1000,7,4,Satisfied,4,7,7,11,4,6
579,5/18/2019,3,$201-$999,8,2,Neutral,2,3,3,4,7,4
580,5/18/2019,6,< $200,12,5,Satisfied,9,7,9,12,6,7
581,5/18/2019,6,> $1000,9,6,Neutral,6,8,12,13,11,9
582,5/18/2019,1,> $1000,7,2,Neutral,1,1,4,9,7,3
583,5/18/2019,4,> $1000,11,3,Unsatisfied,8,6,4,6,5,4
584,5/18/2019,2,> $1000,5,3,Neutral,5,4,6,11,6,4
585,5/18/2019,1,> $1000,10,1,Satisfied,5,4,9,7,7,3
586,5/18/2019,2,$201-$999,5,2,Satisfied,4,5,9,6,7,2
587,5/18/2019,3,$201-$999,10,4,Unsatisfied,3,7,9,7,7,5
588,5/18/2019,4,> $1000,11,4,Unsatisfied,8,7,8,13,8,4
589,5/18/2019,3,$201-$999,8,2,Unsatisfied,8,4,3,8,6,3
590,5/18/2019,1,< $200,7,2,Neutral,5,7,6,3,6,1
591,5/18/2019,6,> $1000,8,6,Satisfied,8,9,11,8,9,8
592,5/18/2019,2,< $200,10,3,Neutral,4,3,5,9,3,2
593,5/18/2019,4,$201-$999,9,5,Satisfied,4,9,12,10,9,6
594,5/18/2019,4,< $200,7,4,Unsatisfied,5,6,12,6,10,6
595,5/18/2019,7,> $1000,12,5,Neutral,4,6,9,12,8,7
596,5/18/2019,4,< $200,13,4,Neutral,6,9,11,8,8,4
597,5/18/2019,4,< $200,12,5,Satisfied,6,8,9,8,6,6
598,5/18/2019,6,> $1000,13,5,Satisfied,8,10,8,10,6,8
599,5/18/2019,2,$201-$999,5,4,Neutral,2,8,10,4,5,4
600,5/18/2019,5,$201-$999,12,3,Satisfied,7,7,4,11,9,7
601,5/18/2019,3,> $1000,11,4,Neutral,3,4,7,10,9,4
602,5/18/2019,5,< $200,9,3,Unsatisfied,6,6,5,8,8,5
603,5/18/2019,7,> $1000,14,6,Unsatisfied,5,12,10,12,9,8
604,5/18/2019,2,< $200,6,3,Unsatisfied,7,3,9,7,6,5
605,5/18/2019,2,> $1000,11,3,Unsatisfied,4,3,4,3,6,5
606,5/18/2019,1,< $200,11,1,Satisfied,6,4,10,6,7,1
607,5/18/2019,4,$201-$999,11,5,Unsatisfied,8,5,4,5,9,7
608,5/18/2019,5,$201-$999,8,5,Satisfied,3,6,12,11,6,5
609,5/18/2019,5,> $1000,13,3,Neutral,5,5,7,4,9,5
610,5/18/2019,5,> $1000,8,5,Unsatisfied,6,9,7,5,6,6
611,5/18/2019,6,> $1000,7,5,Neutral,4,9,6,12,8,6
612,5/18/2019,1,< $200,7,2,Neutral,2,6,9,2,2,4
613,5/18/2019,1,$201-$999,11,1,Satisfied,3,1,10,5,1,4
614,5/18/2019,2,$201-$999,10,2,Neutral,5,6,11,9,6,2
615,5/18/2019,6,$201-$999,11,4,Neutral,8,7,14,7,12,7
616,5/18/2019,3,< $200,11,3,Neutral,2,7,13,9,7,3
617,5/18/2019,3,< $200,10,4,Unsatisfied,7,5,10,5,5,4
618,5/18/2019,6,$201-$999,11,4,Unsatisfied,9,10,6,11,6,7
619,5/18/2019,7,$201-$999,9,4,Neutral,5,9,10,10,8,9
620,5/18/2019,2,> $1000,9,3,Neutral,2,2,5,11,6,3
621,5/18/2019,6,$201-$999,9,6,Neutral,4,7,12,12,9,6
622,5/18/2019,7,< $200,11,5,Neutral,9,6,8,8,8,8
623,5/18/2019,7,< $200,9,4,Neutral,9,10,15,14,9,9
624,5/18/2019,3,< $200,9,3,Satisfied,3,4,5,11,6,5
625,5/18/2019,1,> $1000,5,1,Satisfied,2,6,9,2,1,2
626,5/18/2019,7,> $1000,11,4,Unsatisfied,7,11,16,7,12,8
627,5/18/2019,3,< $200,9,3,Neutral,5,5,7,8,4,4
628,5/18/2019,2,$201-$999,5,4,Unsatisfied,3,3,8,11,5,2
629,5/18/2019,3,$201-$999,8,3,Satisfied,8,4,10,9,4,3
630,5/18/2019,1,$201-$999,5,2,Satisfied,3,3,1,7,6,2
631,5/18/2019,5,< $200,13,4,Neutral,5,6,12,6,7,8
632,5/18/2019,2,> $1000,10,2,Satisfied,6,8,9,2,8,3
633,5/18/2019,2,$201-$999,6,3,Unsatisfied,3,5,11,8,5,3
634,5/18/2019,1,< $200,11,2,Neutral,5,6,6,7,5,3
635,5/18/2019,5,$201-$999,12,4,Satisfied,8,9,14,12,5,7
636,5/18/2019,1,< $200,9,3,Neutral,2,5,10,6,7,3
637,5/18/2019,3,$201-$999,11,3,Satisfied,5,7,7,8,8,5
638,5/18/2019,1,$201-$999,7,2,Neutral,4,6,2,5,3,2
639,5/18/2019,5,$201-$999,9,3,Unsatisfied,6,8,11,13,11,7
640,5/18/2019,5,> $1000,9,4,Neutral,3,8,8,9,5,5
641,5/18/2019,4,< $200,6,3,Unsatisfied,7,7,8,12,9,7
642,5/18/2019,7,> $1000,9,4,Neutral,4,9,8,7,9,9
643,5/18/2019,3,< $200,8,4,Unsatisfied,8,7,8,3,8,6
644,5/18/2019,3,$201-$999,8,4,Satisfied,2,8,6,7,8,4
645,5/18/2019,7,< $200,13,4,Neutral,4,9,13,6,9,9
646,5/18/2019,6,< $200,11,5,Unsatisfied,4,11,6,12,11,6
647,5/18/2019,7,< $200,13,4,Unsatisfied,5,11,15,7,9,8
648,5/18/2019,4,< $200,7,5,Satisfied,5,7,12,9,4,6
649,5/18/2019,5,< $200,10,4,Unsatisfied,6,8,12,9,6,7
650,5/18/2019,5,$201-$999,8,3,Satisfied,4,5,8,9,6,7
651,5/18/2019,7,< $200,13,5,Satisfied,9,7,15,7,13,9
652,5/18/2019,1,< $200,11,2,Unsatisfied,1,3,5,5,4,4
653,5/18/2019,1,> $1000,6,1,Unsatisfied,6,4,3,1,2,1
654,5/18/2019,1,$201-$999,9,3,Satisfied,6,4,1,2,7,1
655,5/18/2019,6,< $200,12,6,Satisfied,4,11,7,9,11,8
656,5/18/2019,1,> $1000,7,3,Satisfied,3,3,4,5,5,3
657,5/18/2019,3,$201-$999,11,2,Satisfied,2,7,11,4,9,4
658,5/18/2019,1,$201-$999,7,1,Unsatisfied,5,5,11,10,4,3
659,5/18/2019,2,$201-$999,7,4,Unsatisfied,4,5,7,6,3,3
660,5/18/2019,5,< $200,13,5,Unsatisfied,9,7,14,7,8,6
661,5/18/2019,5,$201-$999,13,5,Neutral,4,5,8,12,8,7
662,5/18/2019,1,$201-$999,8,1,Satisfied,7,5,5,7,3,3
663,5/18/2019,3,$201-$999,6,3,Satisfied,5,3,6,6,5,6
664,5/18/2019,5,< $200,11,4,Unsatisfied,4,8,7,5,11,5
665,5/18/2019,4,$201-$999,10,5,Satisfied,7,4,13,4,8,5
666,5/18/2019,2,< $200,7,3,Neutral,5,7,10,7,4,3
667,5/18/2019,5,< $200,9,3,Satisfied,7,5,6,11,10,7
668,5/18/2019,6,< $200,8,6,Unsatisfied,8,9,11,11,9,7
669,5/18/2019,6,> $1000,10,4,Unsatisfied,5,9,11,7,9,6
670,5/18/2019,7,$201-$999,11,6,Unsatisfied,8,11,14,7,12,7
671,5/18/2019,5,> $1000,9,3,Neutral,7,7,13,11,8,7
672,5/18/2019,1,< $200,8,1,Satisfied,6,5,9,3,4,2
673,5/18/2019,5,> $1000,9,5,Unsatisfied,4,9,7,11,11,5
674,5/18/2019,7,$201-$999,11,4,Unsatisfied,7,9,9,15,9,9
675,5/18/2019,6,> $1000,7,4,Unsatisfied,5,5,8,9,12,8
676,5/18/2019,6,$201-$999,12,6,Neutral,6,5,13,12,6,6
677,5/18/2019,3,< $200,10,3,Satisfied,7,7,12,8,8,3
678,5/18/2019,1,< $200,6,3,Unsatisfied,6,3,4,7,2,2
679,5/18/2019,1,> $1000,8,3,Neutral,1,4,3,7,7,3
680,5/18/2019,5,< $200,10,3,Neutral,9,9,7,8,6,7
681,5/18/2019,7,< $200,9,6,Satisfied,9,7,14,15,11,7
682,5/18/2019,4,< $200,6,5,Unsatisfied,5,8,13,6,4,4
683,5/18/2019,7,< $200,8,6,Satisfied,5,10,12,8,10,9
684,5/18/2019,6,< $200,11,5,Neutral,8,11,11,7,8,9
685,5/18/2019,3,< $200,8,4,Neutral,5,3,6,5,7,3
686,5/18/2019,4,> $1000,11,5,Neutral,6,7,7,4,10,6
687,5/18/2019,7,< $200,9,4,Unsatisfied,8,6,14,7,12,7
688,5/18/2019,7,$201-$999,9,4,Unsatisfied,8,12,14,8,11,9
689,5/18/2019,4,> $1000,7,5,Unsatisfied,8,6,10,11,8,4
690,5/18/2019,7,< $200,10,4,Satisfied,9,9,8,15,7,8
691,5/18/2019,2,< $200,5,3,Satisfied,3,7,3,6,4,5
692,5/18/2019,2,< $200,10,3,Unsatisfied,4,5,7,8,5,3
693,5/18/2019,6,< $200,7,5,Satisfied,5,8,11,6,8,8
694,5/18/2019,5,$201-$999,9,3,Unsatisfied,4,9,10,6,7,6
695,5/18/2019,4,< $200,8,5,Unsatisfied,8,9,6,12,10,5
696,5/18/2019,4,< $200,9,4,Neutral,3,8,8,4,9,6
697,5/18/2019,4,$201-$999,13,5,Satisfied,7,6,8,5,9,6
698,5/18/2019,2,> $1000,6,2,Unsatisfied,4,3,5,4,3,3
699,5/18/2019,2,> $1000,12,4,Neutral,2,3,4,11,4,3
700,5/18/2019,4,$201-$999,8,4,Satisfied,4,5,13,10,5,5
701,5/18/2019,7,> $1000,13,6,Neutral,7,12,9,7,12,7
702,5/18/2019,2,$201-$999,11,3,Unsatisfied,3,6,10,5,6,5
703,5/18/2019,6,$201-$999,13,5,Neutral,9,11,13,12,12,7
704,5/18/2019,4,< $200,7,5,Neutral,8,4,4,9,5,5
705,5/18/2019,1,> $1000,8,3,Satisfied,5,3,8,8,3,2
706,5/18/2019,5,< $200,9,4,Neutral,9,6,11,14,6,8
707,5/18/2019,2,< $200,5,2,Neutral,7,4,7,2,2,5
708,5/18/2019,6,$201-$999,8,6,Neutral,4,9,15,6,6,9
709,5/18/2019,4,< $200,11,4,Unsatisfied,3,6,11,10,5,6
710,5/18/2019,3,> $1000,6,3,Satisfied,5,4,9,9,5,3
711,5/18/2019,5,> $1000,10,3,Neutral,9,9,5,8,8,6
712,5/18/2019,5,> $1000,9,4,Neutral,9,9,5,9,9,6
713,5/18/2019,1,< $200,7,3,Unsatisfied,5,4,9,3,5,3
714,5/18/2019,3,$201-$999,12,4,Satisfied,8,7,12,11,5,3
715,5/18/2019,3,< $200,7,2,Unsatisfied,4,7,3,7,9,5
716,5/18/2019,6,> $1000,11,6,Satisfied,9,9,11,10,10,9
717,5/18/2019,5,< $200,11,3,Unsatisfied,8,5,14,12,7,5
718,5/18/2019,7,$201-$999,9,6,Unsatisfied,9,7,16,13,13,8
719,5/18/2019,1,$201-$999,10,2,Neutral,7,6,6,9,2,2
720,5/18/2019,1,$201-$999,8,1,Unsatisfied,6,3,8,2,6,2
721,5/18/2019,7,> $1000,9,4,Neutral,6,9,15,12,13,9
722,5/18/2019,4,> $1000,7,5,Neutral,6,7,8,6,9,5
723,5/18/2019,1,< $200,9,2,Neutral,6,6,10,3,3,3
724,5/18/2019,2,> $1000,12,3,Neutral,2,6,5,2,4,3
725,5/18/2019,1,> $1000,9,2,Satisfied,6,6,5,5,2,3
726,5/18/2019,4,< $200,10,3,Unsatisfied,7,4,12,11,7,5
727,5/18/2019,5,> $1000,7,3,Satisfied,3,5,10,13,8,6
728,5/18/2019,5,< $200,11,5,Satisfied,5,6,5,8,10,8
729,5/18/2019,7,$201-$999,10,4,Neutral,4,12,16,15,13,8
730,5/18/2019,7,< $200,10,4,Neutral,6,7,10,12,9,9
731,5/18/2019,5,> $1000,9,3,Neutral,7,6,5,8,10,8
732,5/18/2019,1,> $1000,5,1,Neutral,5,6,4,7,4,3
733,5/18/2019,3,< $200,8,3,Unsatisfied,8,7,12,10,4,5
734,5/18/2019,5,< $200,8,4,Satisfied,4,7,9,6,8,8
735,5/18/2019,5,$201-$999,9,3,Unsatisfied,3,8,14,10,7,5
736,5/18/2019,5,> $1000,10,5,Unsatisfied,7,6,12,11,6,8
737,5/18/2019,1,< $200,8,3,Neutral,3,1,10,4,4,3
738,5/18/2019,7,> $1000,11,6,Satisfied,9,7,11,11,13,9
739,5/18/2019,1,> $1000,6,3,Unsatisfied,2,7,8,6,4,4
740,5/18/2019,5,> $1000,12,4,Neutral,3,6,13,9,10,5
741,5/18/2019,5,< $200,13,5,Neutral,3,5,12,11,5,5
742,5/18/2019,7,$201-$999,13,6,Satisfied,6,6,12,14,11,7
743,5/18/2019,7,< $200,13,6,Neutral,7,6,10,15,9,7
744,5/18/2019,6,< $200,11,5,Unsatisfied,8,5,6,7,8,6
745,5/18/2019,4,> $1000,10,4,Unsatisfied,4,4,7,6,7,6
746,5/18/2019,3,> $1000,8,3,Neutral,5,6,6,5,5,3
747,5/18/2019,6,> $1000,11,4,Unsatisfied,7,6,14,8,9,9
748,5/18/2019,5,< $200,13,5,Satisfied,4,5,10,9,7,5
749,5/18/2019,3,> $1000,8,4,Neutral,2,6,13,6,8,5
750,5/18/2019,6,> $1000,9,5,Neutral,9,5,9,7,11,7
751,5/18/2019,1,< $200,9,1,Satisfied,7,1,8,8,2,2
752,5/18/2019,7,< $200,9,4,Unsatisfied,7,10,16,8,9,9
753,5/18/2019,3,< $200,10,3,Neutral,4,8,6,8,3,4
754,5/18/2019,2,> $1000,12,3,Unsatisfied,5,6,6,2,5,4
755,5/18/2019,6,< $200,11,5,Unsatisfied,7,9,13,12,8,7
756,5/18/2019,5,> $1000,9,4,Unsatisfied,8,5,10,6,9,5
757,5/18/2019,3,< $200,8,2,Satisfied,7,5,11,7,6,5
758,5/18/2019,3,$201-$999,12,3,Satisfied,2,7,9,4,5,3
759,5/18/2019,1,> $1000,11,3,Neutral,3,3,2,10,6,3
760,5/18/2019,1,> $1000,8,3,Neutral,3,3,10,5,5,3
761,5/18/2019,6,> $1000,13,5,Unsatisfied,6,6,6,15,7,9
762,5/18/2019,7,$201-$999,11,5,Unsatisfied,8,9,9,15,7,8
763,5/18/2019,2,< $200,7,3,Neutral,6,4,11,4,5,4
764,5/18/2019,1000,> $1000,5,3,Neutral,7,3,9,7,3,2
766,5/22/2019,7,< $200,9,6,Satisfied,6,7,11,8,7,7
767,5/22/2019,2,$201-$999,11,3,Unsatisfied,5,6,10,4,4,4
768,5/22/2019,2,< $200,10,4,Satisfied,4,3,4,4,6,2
769,5/22/2019,6,< $200,12,6,Neutral,4,10,11,5,10,9
770,5/22/2019,2,< $200,8,4,Neutral,4,3,7,6,6,4
771,5/22/2019,1,< $200,5,2,Neutral,3,3,9,2,5,3
772,5/22/2019,5,> $1000,11,3,Neutral,6,5,14,8,8,5
773,5/22/2019,2,> $1000,6,3,Neutral,7,4,5,3,5,5
774,5/22/2019,2,$201-$999,7,4,Neutral,7,6,10,5,3,4
775,5/18/2019,2,< $200,7,3,Neutral,6,4,11,4,5,4
776,5/22/2019,6,< $200,13,4,Satisfied,9,8,15,10,9,8
777,5/22/2019,6,> $1000,11,5,Satisfied,7,8,12,6,8,6
778,5/22/2019,7,< $200,8,5,Neutral,7,8,7,10,8,9
779,5/22/2019,3,< $200,7,2,Satisfied,8,5,10,5,6,6
780,5/22/2019,2,> $1000,8,4,Unsatisfied,6,3,7,7,3,3
781,5/22/2019,6,< $200,13,6,Neutral,4,6,15,9,7,7
782,5/22/2019,5,$201-$999,9,5,Unsatisfied,3,9,13,10,7,6
783,5/22/2019,6,$201-$999,13,4,Unsatisfied,9,6,15,5,7,6
784,5/22/2019,1,< $200,8,3,Neutral,3,6,4,3,7,1
785,5/22/2019,5,$201-$999,9,5,Neutral,4,9,13,5,9,7
786,5/22/2019,5,> $1000,13,5,Neutral,5,8,14,6,11,5
787,5/22/2019,5,$201-$999,7,5,Unsatisfied,9,7,12,14,6,8
788,5/22/2019,3,> $1000,8,4,Unsatisfied,7,6,5,10,4,6
789,5/22/2019,2,> $1000,8,2,Neutral,5,5,9,9,7,2
790,5/22/2019,1,> $1000,8,3,Neutral,6,6,4,3,5,2
791,5/22/2019,4,> $1000,7,3,Unsatisfied,4,4,8,4,10,5
792,5/22/2019,6,> $1000,12,4,Neutral,8,9,15,8,8,7
793,5/22/2019,4,> $1000,13,4,Satisfied,7,9,7,5,6,4
794,5/22/2019,4,$201-$999,9,4,Neutral,4,4,12,11,8,6
795,5/22/2019,5,> $1000,11,3,Satisfied,7,5,10,11,8,7
796,5/22/2019,5,$201-$999,12,5,Satisfied,5,10,5,5,10,7
797,5/22/2019,2,$201-$999,10,4,Unsatisfied,4,6,8,2,4,5
798,5/22/2019,2,< $200,10,4,Neutral,3,4,4,11,7,2
799,5/22/2019,6,< $200,13,4,Satisfied,4,11,11,10,11,7
800,5/22/2019,5,< $200,10,3,Unsatisfied,8,8,13,7,8,8
801,5/22/2019,3,< $200,8,4,Unsatisfied,8,6,6,4,8,5
802,5/22/2019,1,> $1000,8,3,Unsatisfied,5,7,1,2,5,4
803,5/22/2019,6,> $1000,11,5,Satisfied,7,8,11,12,7,6
804,5/22/2019,7,< $200,14,6,Neutral,4,11,11,10,7,7
805,5/22/2019,4,> $1000,8,4,Unsatisfied,3,9,11,10,9,6
806,5/22/2019,7,< $200,14,6,Neutral,7,9,16,8,13,8
807,5/22/2019,2,> $1000,6,3,Satisfied,7,6,4,7,3,4
808,5/22/2019,2,> $1000,8,2,Satisfied,3,8,9,9,3,4
809,5/22/2019,5,< $200,8,3,Satisfied,8,5,6,13,5,8
810,5/22/2019,4,> $1000,12,5,Unsatisfied,3,9,13,10,4,6
811,5/22/2019,6,< $200,8,5,Neutral,4,7,7,8,11,6
812,5/22/2019,3,$201-$999,8,2,Satisfied,2,3,7,10,6,3
813,5/22/2019,4,$201-$999,13,5,Neutral,5,9,6,4,6,7
814,5/22/2019,5,> $1000,8,3,Neutral,6,5,5,14,11,8
815,5/22/2019,5,$201-$999,9,4,Satisfied,4,8,8,13,7,7
816,5/22/2019,1,> $1000,10,1,Satisfied,4,7,5,6,2,1
817,5/22/2019,6,< $200,11,5,Satisfied,5,10,5,10,8,7
818,5/22/2019,3,$201-$999,6,2,Satisfied,5,7,9,8,6,4
819,5/22/2019,1,< $200,8,3,Neutral,1,7,4,7,6,4
820,5/22/2019,3,> $1000,9,3,Neutral,7,4,7,6,5,5
821,5/22/2019,1,> $1000,6,3,Neutral,1,6,5,1,3,1
822,5/22/2019,4,< $200,6,5,Neutral,4,9,4,6,10,7
823,5/22/2019,7,< $200,9,4,Unsatisfied,4,12,11,15,13,10
824,5/22/2019,5,$201-$999,10,5,Unsatisfied,7,9,12,13,7,5
825,5/22/2019,5,$201-$999,9,5,Neutral,6,8,12,10,7,8
826,5/22/2019,5,> $1000,11,5,Unsatisfied,8,8,6,4,8,8
827,5/22/2019,5,> $1000,11,5,Neutral,3,8,10,9,8,7
828,5/22/2019,3,$201-$999,11,2,Neutral,5,3,13,8,9,5
829,5/22/2019,2,> $1000,11,2,Neutral,3,2,2,4,3,4
830,5/22/2019,1,$201-$999,11,1,Neutral,7,3,5,10,6,3
831,5/22/2019,3,> $1000,6,2,Neutral,7,5,12,4,9,5
832,5/22/2019,7,$201-$999,9,4,Satisfied,7,12,9,11,8,9
833,5/22/2019,4,> $1000,12,5,Satisfied,4,7,8,13,9,5
834,5/22/2019,6,> $1000,10,4,Neutral,7,8,11,8,11,8
835,5/22/2019,6,$201-$999,7,5,Unsatisfied,7,10,11,5,11,8
836,5/22/2019,7,< $200,12,6,Neutral,7,6,6,12,9,8
837,5/22/2019,6,$201-$999,11,4,Satisfied,4,11,11,10,11,9
838,5/22/2019,4,$201-$999,9,4,Unsatisfied,8,7,10,8,9,5
839,5/22/2019,7,< $200,8,4,Unsatisfied,9,9,11,8,10,9
840,5/22/2019,2,< $200,11,2,Unsatisfied,3,5,3,5,4,4
841,5/22/2019,6,> $1000,12,4,Satisfied,7,5,12,12,9,7
842,5/22/2019,2,$201-$999,10,4,Neutral,6,6,10,3,8,3
843,5/22/2019,4,$201-$999,11,3,Satisfied,6,4,9,13,7,6
844,5/22/2019,3,$201-$999,12,2,Neutral,8,7,7,6,5,3
845,5/22/2019,3,> $1000,8,4,Unsatisfied,3,3,6,10,7,6
846,5/22/2019,7,< $200,14,4,Neutral,5,12,7,12,10,9
847,5/22/2019,1,> $1000,8,2,Satisfied,3,6,6,5,6,3
848,5/22/2019,7,< $200,9,4,Unsatisfied,7,11,10,13,9,7
849,5/22/2019,7,$201-$999,13,6,Unsatisfied,8,12,8,12,8,8
850,5/22/2019,2,> $1000,12,4,Unsatisfied,6,2,9,8,8,4
851,5/22/2019,1,< $200,11,3,Unsatisfied,1,4,6,4,3,4
852,5/22/2019,1,$201-$999,5,1,Satisfied,5,6,1,7,2,1
853,5/22/2019,1,< $200,11,2,Neutral,6,2,2,7,4,2
854,5/22/2019,3,$201-$999,10,2,Neutral,4,5,4,7,3,4
855,5/22/2019,5,$201-$999,11,3,Satisfied,5,8,9,7,6,7
856,5/22/2019,2,> $1000,11,3,Neutral,2,6,2,5,7,3
857,5/22/2019,5,> $1000,9,3,Unsatisfied,9,9,12,11,8,7
858,5/22/2019,6,> $1000,12,6,Unsatisfied,8,7,7,15,11,8
859,5/22/2019,5,$201-$999,10,3,Neutral,8,8,13,11,6,5
860,5/22/2019,6,$201-$999,7,4,Unsatisfied,5,9,8,8,7,7
861,5/22/2019,4,$201-$999,10,5,Unsatisfied,7,7,9,12,4,7
862,5/22/2019,1,$201-$999,7,2,Unsatisfied,2,2,8,6,1,4
863,5/22/2019,6,< $200,7,4,Satisfied,9,6,13,14,9,7
864,5/22/2019,1,< $200,5,3,Satisfied,1,4,9,3,3,2
865,5/22/2019,4,$201-$999,12,3,Unsatisfied,3,4,13,5,9,6
866,5/22/2019,2,$201-$999,8,2,Neutral,4,6,3,6,6,3
867,5/22/2019,1,< $200,8,3,Neutral,2,3,1,8,5,3
868,5/22/2019,1,< $200,5,1,Neutral,2,2,2,4,6,3
869,5/22/2019,4,> $1000,7,5,Satisfied,6,4,12,9,7,5
870,5/22/2019,7,< $200,9,6,Satisfied,6,12,9,8,12,8
871,5/22/2019,7,> $1000,14,6,Unsatisfied,9,12,16,9,12,9
872,5/22/2019,2,$201-$999,8,2,Satisfied,6,3,4,6,8,4
873,5/22/2019,6,< $200,7,4,Neutral,4,5,6,9,10,9
874,5/22/2019,5,$201-$999,9,4,Neutral,4,8,11,12,8,5
875,5/22/2019,3,> $1000,8,4,Unsatisfied,8,8,8,6,9,3
876,5/22/2019,4,$201-$999,13,3,Unsatisfied,4,4,11,10,6,6
877,5/22/2019,1,> $1000,6,3,Satisfied,4,6,11,4,3,3
878,5/22/2019,3,> $1000,11,2,Satisfied,8,5,6,9,9,5
879,5/22/2019,4,< $200,6,3,Satisfied,8,9,13,11,6,7
880,5/22/2019,1,$201-$999,5,3,Neutral,4,3,4,4,7,1
881,5/22/2019,2,> $1000,10,4,Satisfied,3,2,11,6,6,2
882,5/22/2019,2,< $200,12,2,Satisfied,3,6,3,4,5,3
883,5/22/2019,7,< $200,10,4,Satisfied,6,7,16,10,11,9
884,5/22/2019,7,$201-$999,11,6,Satisfied,8,11,9,12,8,7
885,5/22/2019,7,$201-$999,9,4,Satisfied,7,10,6,10,11,8
886,5/22/2019,1,$201-$999,11,1,Unsatisfied,1,4,2,7,6,3
887,5/22/2019,6,< $200,9,4,Unsatisfied,4,8,13,8,11,8
888,5/22/2019,2,< $200,7,3,Satisfied,3,3,4,7,3,5
889,5/22/2019,4,$201-$999,13,5,Satisfied,7,9,10,8,5,4
890,5/22/2019,4,< $200,6,4,Satisfied,6,7,5,7,10,4
891,5/22/2019,2,< $200,7,2,Satisfied,4,5,5,4,7,4
892,5/22/2019,7,< $200,11,6,Neutral,8,7,9,15,8,8
893,5/22/2019,5,$201-$999,7,5,Unsatisfied,9,5,6,5,7,6
894,5/22/2019,5,> $1000,10,3,Satisfied,4,10,9,13,8,7
895,5/22/2019,3,< $200,8,4,Satisfied,5,3,12,11,8,5
896,5/22/2019,2,> $1000,7,2,Neutral,4,6,6,10,8,3
897,5/22/2019,4,> $1000,6,5,Neutral,7,6,4,8,5,6
898,5/22/2019,7,> $1000,9,5,Satisfied,8,6,16,9,13,8
899,5/22/2019,2,< $200,11,4,Unsatisfied,5,7,6,7,7,4
900,5/22/2019,1,< $200,6,3,Satisfied,1,3,11,7,7,2
901,5/22/2019,7,> $1000,9,4,Neutral,9,10,10,12,8,8
902,5/22/2019,5,< $200,12,4,Unsatisfied,5,6,5,11,8,7
903,5/22/2019,4,$201-$999,13,4,Satisfied,8,8,4,6,6,4
904,5/22/2019,4,> $1000,7,3,Satisfied,7,8,4,4,6,5
905,5/22/2019,5,$201-$999,10,5,Neutral,9,5,8,9,5,7
906,5/22/2019,7,< $200,11,6,Unsatisfied,7,11,6,8,10,9
907,5/22/2019,3,< $200,7,2,Satisfied,2,5,6,5,3,4
908,5/22/2019,4,> $1000,8,4,Unsatisfied,4,6,9,8,7,4
909,5/22/2019,1,< $200,5,3,Satisfied,3,6,9,7,4,2
910,5/22/2019,5,< $200,7,5,Neutral,4,6,14,9,11,6
911,5/22/2019,1,> $1000,8,2,Neutral,3,6,7,5,3,3
912,5/22/2019,5,$201-$999,10,5,Satisfied,9,10,8,4,11,6
913,5/22/2019,4,< $200,9,5,Satisfied,5,5,10,9,8,5
914,5/22/2019,2,< $200,12,4,Satisfied,4,7,8,11,6,3
915,5/22/2019,5,< $200,13,3,Neutral,4,6,4,5,7,6
916,5/22/2019,5,> $1000,8,4,Unsatisfied,3,9,14,8,7,8
917,5/22/2019,7,$201-$999,12,5,Satisfied,5,6,7,10,7,8
918,5/22/2019,5,$201-$999,8,3,Unsatisfied,3,6,12,11,8,7
919,5/22/2019,7,$201-$999,9,6,Unsatisfied,5,8,9,15,8,10
920,5/22/2019,1,> $1000,11,2,Unsatisfied,6,4,10,6,3,3
921,5/22/2019,4,$201-$999,12,3,Satisfied,5,7,5,11,5,5
922,5/22/2019,5,> $1000,11,5,Neutral,5,8,12,4,8,5
923,5/22/2019,6,$201-$999,11,5,Neutral,4,8,15,13,12,8
924,5/22/2019,2,< $200,6,2,Neutral,4,5,11,6,8,3
925,5/22/2019,6,> $1000,13,5,Neutral,5,6,13,14,11,8
926,5/22/2019,5,< $200,12,3,Unsatisfied,6,5,5,4,5,8
927,5/22/2019,6,$201-$999,11,6,Neutral,5,5,7,12,7,7
928,5/22/2019,7,> $1000,9,5,Unsatisfied,4,9,11,7,9,7
929,5/22/2019,1,> $1000,10,3,Neutral,7,3,9,1,5,2
930,5/22/2019,2,> $1000,7,4,Satisfied,7,6,10,7,7,2
931,5/22/2019,2,$201-$999,5,3,Unsatisfied,4,3,6,10,3,4
932,5/22/2019,7,> $1000,13,6,Satisfied,8,8,8,6,13,8
933,5/22/2019,7,$201-$999,14,5,Unsatisfied,8,6,15,15,11,7
934,5/22/2019,1,> $1000,5,3,Neutral,5,3,8,5,7,1
935,5/22/2019,7,$201-$999,9,6,Unsatisfied,6,11,15,14,11,9
936,5/22/2019,4,> $1000,13,4,Neutral,8,4,12,7,5,6
937,5/22/2019,1,$201-$999,11,1,Satisfied,1,3,3,7,5,1
938,5/22/2019,5,$201-$999,13,5,Unsatisfied,4,6,4,5,7,5
939,5/22/2019,4,< $200,6,5,Unsatisfied,8,4,10,10,9,4
940,5/22/2019,3,$201-$999,6,3,Neutral,2,5,7,7,6,4
941,5/22/2019,6,$201-$999,8,4,Satisfied,8,10,14,9,8,9
942,5/22/2019,4,> $1000,9,3,Satisfied,6,5,6,13,9,4
943,5/22/2019,3,$201-$999,10,3,Unsatisfied,5,7,5,10,4,6
944,5/22/2019,5,< $200,8,5,Satisfied,4,9,11,10,9,7
945,5/22/2019,5,> $1000,7,5,Neutral,6,8,11,10,9,6
946,5/22/2019,6,$201-$999,13,4,Neutral,4,11,10,8,12,8
947,5/22/2019,5,< $200,12,4,Unsatisfied,5,9,8,13,8,5
948,5/22/2019,1,$201-$999,8,2,Neutral,6,4,2,3,3,1
949,5/22/2019,6,$201-$999,10,5,Unsatisfied,5,8,6,8,10,6
950,5/22/2019,2,> $1000,5,2,Neutral,4,2,5,9,2,3
951,5/22/2019,4,< $200,9,3,Unsatisfied,6,9,13,8,10,5
952,5/22/2019,5,> $1000,9,3,Unsatisfied,3,6,12,9,5,7
953,5/22/2019,5,< $200,9,3,Satisfied,9,5,11,7,11,6
954,5/22/2019,3,> $1000,11,2,Satisfied,8,5,10,7,4,4
955,5/22/2019,7,> $1000,11,6,Neutral,7,10,8,8,9,9
956,5/22/2019,7,$201-$999,9,5,Satisfied,9,7,8,10,11,8
957,5/22/2019,1,$201-$999,9,3,Unsatisfied,4,6,10,5,5,4
958,5/22/2019,6,< $200,9,4,Neutral,8,8,11,13,10,7
959,5/22/2019,7,$201-$999,14,5,Neutral,7,6,10,15,9,7
960,5/22/2019,1,< $200,8,2,Unsatisfied,2,4,1,6,3,3
961,5/22/2019,7,> $1000,9,6,Unsatisfied,6,9,7,8,11,7
962,5/22/2019,6,> $1000,13,4,Unsatisfied,8,11,10,10,12,9
963,5/22/2019,2,< $200,12,2,Neutral,2,6,4,7,8,5
964,5/22/2019,4,> $1000,13,4,Satisfied,3,8,4,10,6,5
965,5/22/2019,2,$201-$999,10,2,Satisfied,5,5,4,5,4,4
966,5/22/2019,2,> $1000,7,4,Neutral,4,5,2,9,7,3
967,5/22/2019,1,> $1000,9,2,Neutral,4,4,2,1,4,3
968,5/22/2019,5,> $1000,9,3,Satisfied,5,8,5,8,6,5
969,5/22/2019,7,> $1000,14,4,Satisfied,4,7,15,15,8,7
970,5/22/2019,5,> $1000,7,3,Unsatisfied,4,8,9,8,7,6
971,5/22/2019,7,$201-$999,14,6,Unsatisfied,6,6,10,9,11,10
972,5/22/2019,1,$201-$999,6,1,Unsatisfied,5,6,2,4,3,3
973,5/22/2019,7,> $1000,9,4,Unsatisfied,9,9,16,6,8,7
974,5/22/2019,4,> $1000,11,3,Neutral,4,6,8,7,8,5
975,5/22/2019,6,$201-$999,12,5,Satisfied,8,10,13,7,11,6
976,5/22/2019,1,< $200,6,3,Neutral,4,4,3,7,7,1
977,5/22/2019,4,$201-$999,6,4,Neutral,7,6,13,12,8,6
978,5/22/2019,2,> $1000,7,4,Satisfied,4,6,10,7,3,3
979,5/22/2019,2,$201-$999,9,2,Satisfied,5,4,12,11,7,2
980,5/22/2019,5,< $200,8,4,Neutral,8,7,6,11,7,5
981,5/22/2019,5,< $200,13,5,Unsatisfied,9,6,8,13,7,7
982,5/22/2019,6,< $200,13,5,Unsatisfied,4,10,9,8,11,8
983,5/22/2019,7,$201-$999,9,4,Unsatisfied,9,9,16,15,8,9
984,5/22/2019,5,> $1000,13,5,Neutral,4,7,9,7,9,8
985,5/22/2019,2,> $1000,12,2,Satisfied,5,7,5,5,5,4
986,5/22/2019,5,> $1000,9,3,Satisfied,7,9,8,13,9,5
987,5/22/2019,1,$201-$999,9,1,Satisfied,1,5,4,10,7,3
988,5/22/2019,6,$201-$999,7,6,Unsatisfied,7,11,7,11,9,8
989,5/22/2019,2,> $1000,6,4,Satisfied,2,2,10,2,3,5
990,5/22/2019,2,< $200,10,3,Satisfied,5,2,6,11,3,4
991,5/22/2019,2,$201-$999,10,3,Satisfied,4,2,5,8,4,4
992,5/22/2019,3,< $200,11,4,Neutral,7,4,13,8,9,4
993,5/22/2019,2,< $200,12,2,Neutral,4,2,11,9,6,4
994,5/22/2019,7,$201-$999,13,4,Satisfied,8,8,7,15,10,9
995,5/22/2019,2,> $1000,8,2,Neutral,4,3,9,7,7,3
996,5/22/2019,6,> $1000,13,4,Neutral,5,8,6,9,9,8
997,5/22/2019,3,< $200,10,4,Neutral,3,3,9,10,5,4
998,5/22/2019,2,> $1000,7,3,Satisfied,6,6,2,11,5,3
999,5/22/2019,5,$201-$999,10,5,Neutral,5,10,11,11,7,5
1000,5/22/2019,5,$201-$999,9,3,Neutral,5,10,13,11,8,8
